x1,x2,x3,x4,x5,x6,x7,x8,x9,x10,x11,x12,x13,x14,x15,x16,x17,x18,x19,x20,y
0.8321637420634583,0.7347720745900636,0.6266534351311724,0.23807841628982807,0.33871795940959326,0.36462884232615955,0.5335036458569178,0.4847518674643486,0.6733825957782641,0.3943217567738868,0.726064415333712,0.8139435557205034,0.6868565806408597,0.44206649735454306,0.20859241396671935,0.8462461416500083,0.41638965494547286,0.6811969222407377,0.41579666461416387,0.3516300919978991,1
0.43401998494820815,0.054741455492677615,0.31685200221105236,0.22955829409237105,0.7147760119426367,0.18519133479859218,0.2880816472051114,0.04007445984242619,0.5883960795549502,0.6718288599480422,0.780674897720157,0.862058782742181,0.5907206947487181,0.08461390558267645,0.8903227421029957,0.5013116697469776,0.08461211467538787,0.7518854624649193,0.6969856494195128,0.6646897643691939,1
0.16747651675614694,0.627895139707124,0.37986786521767946,0.8346078955264238,0.2868433801035424,0.14693182057183563,0.745285669020301,0.06349610775455905,0.8723454617204864,0.1377060026111464,0.17454850429836166,0.23891394449789782,0.6063503528357138,0.9069946218570429,0.7227550981802648,0.9571547716709302,0.7720423750816712,0.9424102971508923,0.2504876668314957,0.40173629517261855,0
0.9174873729918325,0.34986733982905305,0.026222737208013713,0.9041354933465835,0.18963217790183873,0.06842772680620945,0.42409926029337364,0.09756926231057472,0.6694460756537556,0.26450400410114394,0.720959619454358,0.9984344011298325,0.6765278504515541,0.4360106877266221,0.5105574809616119,0.25413231510943246,0.6387378438263754,0.2623068610457925,0.9176232380175225,0.2523532384684175,0
0.26251484447402407,0.12806257897599926,0.6845756840817202,0.45262358055051777,0.38403399670563254,0.03215440548201076,0.9127266140782748,0.05813962652305593,0.9464188600403114,0.17253112013091754,0.9245901874491338,0.8526468464392176,0.5341607059305117,0.5697342955218768,0.2935281892439736,0.38004181432152917,0.30411905029787645,0.4659007046203645,0.7485533617005222,0.7405858888963586,1
0.932075822225681,0.8048996232010962,0.9228160386078923,0.8582828371332438,0.20455545911650286,0.946979845276591,0.25549335447221144,0.4560506491186268,0.8637452618419036,0.4020201459784619,0.5299399099811574,0.7221426684666551,0.9493634367774034,0.011567387831780018,0.5455179044761969,0.4685702841260859,0.6644050484066186,0.3905180516709714,0.9401992988792073,0.34238889633518554,1
0.7647261393361706,0.14423402140825903,0.5938782086801683,0.5570451593435499,0.198112293264033,0.9176871219490127,0.08976454531359779,0.571161248059929,0.9898225100481952,0.044774334533133286,0.13716311800920267,0.3414796751801472,0.25854587772566306,0.06790377698914551,0.05082472217770595,0.9999423400751296,0.018477383579438844,0.14642481053370238,0.5377502636690817,0.5439148144785916,0
0.13845776691527378,0.8839016954677659,0.8501751080822022,0.587313790405198,0.19343349631669715,0.36471789225264195,0.2553538686908947,0.8897138462572811,0.1613080572249469,0.4696247111045537,0.6164400204807182,0.8227047569111376,0.2641910747178573,0.15345646147378722,0.3525646166347286,0.5042642220627193,0.3052207685777315,0.043235447028414975,0.09393774056011572,0.9778744005358976,1
0.6954411949402531,0.3961887913573726,0.9588228493774951,0.5505864729723755,0.44268144496324247,0.2873428780461321,0.13223989348012322,0.03835229077365565,0.9578403911433133,0.9192104127493955,0.943160385036653,0.10245470182086691,0.3779961490779066,0.7529113184590178,0.8157774502933485,0.28661912862337247,0.3954368183474162,0.6203884913634553,0.10134283478527917,0.0599604195225828,0
0.03471669809122968,0.9384600004749835,0.13483542701249818,0.549408466841732,0.8543082734733619,0.9854656646498379,0.8919717708144947,0.4766506281742986,0.19937608864533274,0.602649539002496,0.1276871262118382,0.09870371908880071,0.9508643327113409,0.08210355813957815,0.48076539099924387,0.9752551218183626,0.42215019206856585,0.12819228148807071,0.20569556824973356,0.8479109255561869,1
0.27282346073614994,0.3195130009463405,0.8527120240138703,0.4071764016891254,0.9361408211890182,0.6434489283478363,0.9398707453517827,0.9889574218895616,0.3104771237754811,0.22655004315746607,0.5135386302792787,0.9928725352457213,0.7729482655394154,0.41926741660719546,0.834766689477718,0.7483794215750019,0.9826176006866701,0.5121286438203708,0.06666567373803822,0.024696669442370256,0
0.06175683885929939,0.856860322105739,0.19230617415016582,0.11476011025737953,0.415341581802647,0.13197279293334807,0.8478819087783698,0.41003601903875264,0.9617392811426647,0.04537825913519122,0.7375927179384895,0.22270212854660754,0.1361777525116301,0.44501233452426137,0.11368425500336377,0.5277442080691299,0.7471300086656578,0.6791204425851842,0.6675193912918402,0.3343262156632427,0
0.17374801698769404,0.7962128722418722,0.40191526873207906,0.16554563193762983,0.7437996799186363,0.3299348809206475,0.41028454066392994,0.11873655854897502,0.4767572190482582,0.7448321453306473,0.8912347366634411,0.3852131376246192,0.8556057293073861,0.5628723316127501,0.5450034239593288,0.6700561209690203,0.8417294648899785,0.04725506445275329,0.17998326934107256,0.6010098920453412,0
0.4100037869687603,0.06671602191433068,0.8236356120869562,0.6945276835699764,0.24449529376204104,0.5953950619056001,0.3033841175844263,0.4553575131389985,0.34657058760617254,0.011314787006812321,0.6804791160870057,0.8053781232021852,0.25775505436820967,0.5938948164017497,0.8839834535646509,0.3252646672276185,0.10850671721550931,0.4350945089951368,0.8624742186455938,0.857584193577029,0
0.12952847093625308,0.01322044467993233,0.8351438667602853,0.6262037918890815,0.23005488687694597,0.4226568891705961,0.548798160481061,0.4492780666414803,0.42944716351028756,0.008860570624600883,0.5218388994928115,0.018463333538130233,0.6411039754417938,0.7421788466900868,0.6167362697099108,0.971570130352147,0.7920808982313008,0.277201137636941,0.07369594010129998,0.9998337458135792,0
0.4063395970546372,0.4719440619705174,0.21602279224960985,0.6602297639232927,0.5497041058238766,0.4914364690704328,0.7010489289276088,0.25096896017739234,0.3582730647530248,0.01696012487666121,0.8789488391627325,0.5866290262693671,0.4116480374341013,0.4481840702482127,0.8453570674130406,0.5498544273775424,0.5586954687021221,0.09664566315488599,0.07697506186856706,0.5065030783593127,1
0.7701040319885485,0.011530268012011624,0.3699693274719812,0.625630026575131,0.2565153818425373,0.2795188628155153,0.5133966321555954,0.7364977294094589,0.43598936199878524,0.027758927739096273,0.2289228559740435,0.4633600796312183,0.9835614456033338,0.6068182873002648,0.023956505976076903,0.6100720723624219,0.928585257776209,0.6421758081406691,0.3659500948308201,0.8205127298496312,1
0.7251275640130577,0.7338356334041003,0.8271033177653245,0.5148296575215263,0.7507209290032186,0.19464570087920308,0.4292121452347937,0.14213984815808378,0.32241248067871564,0.4399435112601142,0.3466016327154151,0.6984972132471332,0.3355187144089252,0.5063584946685844,0.8048116243667661,0.15226955297541822,0.2096474457876838,0.8380750204690377,0.3829396542856459,0.7036824867684445,1
0.8959374398120076,0.5368560849069901,0.4739740475001285,0.01571299288652983,0.44914832074877753,0.9612489813333693,0.038797438096008996,0.8403362798947215,0.31256080745532155,0.004397573725901993,0.7940267659790351,0.6060521803807705,0.9403314301538118,0.397224633462657,0.5423136627361299,0.27372576125220693,0.6736267584463289,0.7937021563953585,0.9698334914253289,0.2764905458616954,0
0.7102848452106854,0.21276752694508094,0.7364339241081415,0.5390235819355046,0.48273686176431274,0.41670640647345014,0.2472416195689937,0.09421006285438904,0.6753228657304211,0.5214640956646898,0.44016266169893703,0.463008019415848,0.4316577025872964,0.027912704329618898,0.9270488939449395,0.6080509652041073,0.8557944736473906,0.5866037353877551,0.06398116329772163,0.35496323402731544,1
0.936604543394119,0.9534407460679574,0.6468562320835417,0.7878249355445742,0.2578317146867912,0.702523916288815,0.8621168918236994,0.531364910967609,0.6637868219995703,0.31741616875413947,0.33591900445617284,0.6180825919302438,0.9457628421236732,0.5255075338134552,0.5327831677366581,0.5710457633857156,0.2224374850852484,0.6311065224614504,0.32400350034702163,0.7593063897324496,1
0.4270823848981504,0.2949653086616595,0.8840345973384307,0.3406519908519351,0.6107848621032578,0.7308176473202102,0.9529667892080294,0.22550149873165137,0.6233422059701443,0.9416651747482248,0.3987687068195094,0.37884294809958596,0.15369029196829187,0.8739133143191827,0.9850077526966212,0.6568421656546771,0.9480506518593783,0.8432611849641037,0.6106768798460741,0.0787311871414551,1
0.063507657176187,0.26170908497432455,0.6497673597291325,0.6401404976328738,0.7857176203748604,0.8749970079486231,0.8751133763493213,0.47348627556762535,0.2476333315029181,0.7056052654562806,0.9747525527594287,0.7000760465571515,0.5145522190133509,0.4680281357138928,0.5728872483101389,0.9144916841657937,0.4003706891331441,0.21982239142345628,0.9835642948912581,0.8207397367732918,0
0.5482277733231672,0.41114945506636946,0.4446271510230305,0.6768622450740354,0.1630720260287315,0.5311210722257581,0.40520841148288544,0.17978044307222674,0.8262067450082998,0.6758261534421416,0.6272179522821052,0.9459623218122042,0.16300996626015762,0.15898387651940382,0.7969263270370776,0.4151187807238722,0.16901401463565702,0.21701656880374165,0.4681772562205383,0.07735238568217306,0
0.7462959159981525,0.6646341171766783,0.6376956769743097,0.7908558614919771,0.20516591591093636,0.32409678662700037,0.18415442354078126,0.12795826150956535,0.00972172249226122,0.8864760106447193,0.38452859400064554,0.02711574222653912,0.08861831154848365,0.5962199089845029,0.9948037077653507,0.4988881491454996,0.2791572259985029,0.9489829970311479,0.08798057397544701,0.35937089215776474,1
0.07428604549431783,0.7416090888430039,0.9963207780248973,0.650645249759315,0.3114757912400409,0.6269053578669908,0.3838752949334163,0.8914616156829787,0.20832791469408918,0.8532527748873098,0.8091998722340116,0.025928611842530258,0.019296525235274253,0.05978199725023181,0.06946330160119019,0.8796391997380615,0.8536305858215604,0.00881403826427729,0.24324639100971857,0.9805819917258766,1
0.06514152241700855,0.0233748753270705,0.9754864305939204,0.7220004583426476,0.17757332246173985,0.5303252410044293,0.6431885927765162,0.13082289876224706,0.6315261595613513,0.5531585232374856,0.9332138572768007,0.03357062918820353,0.43865313914525983,0.30672150754116756,0.19970425233687217,0.005771975380247207,0.3697239274026235,0.4671602369727962,0.6728676204901216,0.13449066111991237,0
0.7769787041797531,0.45278709078440793,0.8971770523170476,0.40979379399519666,0.9783617672900213,0.9019209609567923,0.6339784558129781,0.2169052183138901,0.31064842510998947,0.8078943270409641,0.3215377987666177,0.42726381986294093,0.7595601816373782,0.32581951496072503,0.08219876125838743,0.8695134437085608,0.4441432236450422,0.8652681829899973,0.10784435769760503,0.017178729049846853,1
0.14087893478167413,0.8469772789309387,0.06921439036589638,0.03932186497023826,0.4104886929931152,0.16648225135079675,0.8443003228110386,0.6429541574771573,0.0504875639225113,0.6733659699330409,0.0033558705467068295,0.6931201712139655,0.7693232830459437,0.4884126675461443,0.5317139906528123,0.19040571040272625,0.7594134481010311,0.801028726634038,0.008802794950789061,0.321075741707714,0
0.4045502634922902,0.003647500834253359,0.6812187586550482,0.8114261919307345,0.35136954971025547,0.47358680844003487,0.40597029970307086,0.4325188797791819,0.946769852509947,0.010436694738286678,0.9344645023959903,0.7561686348325961,0.9779232197035646,0.9437534501293918,0.023340770705218894,0.17374958622536785,0.3088547190645916,0.7460006410385353,0.4706550628825916,0.8415474829425253,0
0.17530800860696605,0.17272158779243363,0.30119254201873624,0.6366432737871995,0.8843512149296692,0.9799208938609671,0.03599818418263856,0.31697840403825017,0.9482284533040142,0.6912616634200356,0.46050691420720924,0.2159896926818281,0.862948964991883,0.48075337011207997,0.9422284080053323,0.35743888558375425,0.6331571151439516,0.47142948305148946,0.14088081232398508,0.6400109536249861,0
0.2650186361536633,0.0237804001386116,0.6185540855273463,0.09894569930250874,0.5367842146932031,0.4446915545354371,0.2698475853884297,0.8358201699144711,0.19026294818016853,0.40606872439405317,0.9054233860994277,0.33441919119758634,0.06545623921660482,0.8148259666442309,0.6917946565867308,0.5216141159226615,0.639111531303244,0.974970450203557,0.8434069201193684,0.6638334041153204,1
0.5642590068582825,0.7682132505572201,0.9092192245037453,0.613368857825023,0.5009391844896942,0.6090174851622803,0.9494773948254986,0.17982459153188435,0.8331577189356087,0.32597031056141756,0.45053009555498513,0.44195357090442944,0.44024396265429655,0.415570608420471,0.7672759227879136,0.8375636534085963,0.40625472817714203,0.40161033532216894,0.38023731079389,0.37263032135388807,1
0.7348325035434902,0.6639077593173598,0.42509449084485673,0.9912043922281288,0.5127765192736281,0.21717067917962585,0.9720440939111508,0.03993510415206425,0.39357761681749404,0.3676203930763412,0.9114638364685866,0.5318039288854681,0.7136823853091172,0.29887186883847194,0.20698534025541027,0.2890856099531224,0.8197701524050142,0.5713986709451708,0.5201781003400547,0.004237077593048588,1
0.6165907124014774,0.5864610758224325,0.48649677121321966,0.45859742186615826,0.81378948304632,0.9525972354060384,0.485307449921757,0.11823243103276648,0.9182113117184819,0.5399633358295997,0.14038446164809137,0.7414183641505908,0.5465796743641697,0.1290602933122562,0.15111684922360524,0.48897347922672874,0.07542896210447059,0.5041798176501447,0.39526114680666335,0.6685976322567472,1
0.9645222811015934,0.2982851264300811,0.2668476724022526,0.835333839043627,0.457990089253829,0.44590375607669763,0.6040482178857877,0.46062898808135755,0.022892148185152505,0.08182735988090062,0.10133201928503788,0.7427993578472937,0.6086847249485046,0.839083344627125,0.4512801650662791,0.48018220328751127,0.946178981475086,0.18655565550839082,0.9386326505654801,0.5330378520959588,1
0.9764796002034223,0.5320842657044559,0.277197238697918,0.7121512833618279,0.3590397208196453,0.6650875204073813,0.6223771882129671,0.3806702588437336,0.8092360884431694,0.6636870447183151,0.30068201859456045,0.6494414950251043,0.9794756481773289,0.8122762019295389,0.20168167016610883,0.2968555463186692,0.6061228461814251,0.21864329316293174,0.9191740999391514,0.06320711930666789,1
0.803643194697216,0.1332507313288407,0.42932698199074404,0.3501848481921428,0.7369495020842864,0.8314255822322162,0.81059339849459,0.07935033810086167,0.18057394365023305,0.3818889465059462,0.14128124265537267,0.31538323107574984,0.6945405294417165,0.7019464359027278,0.27242754929942603,0.35473769043106484,0.23121482516657277,0.6522851335364697,0.8594610336098211,0.6761600402854052,0
0.059346060401557654,0.020867207597287885,0.03878110670546975,0.2651494678405639,0.9464285985240497,0.7562533509542176,0.5812960034809499,0.0881507167056742,0.0734299960526833,0.11811749869969179,0.31740898870867984,0.1389211533216348,0.541652836445278,0.9851558274266528,0.10156191584881913,0.7935220647116804,0.38748524351583946,0.1556082637870776,0.5371938718068877,0.5547478941150128,0
0.4798506605981786,0.08365994471599891,0.2851823306881651,0.8734884772878052,0.5002073556489468,0.4843977127083793,0.19553465468438191,0.9900383838610753,0.13427976361728355,0.34056878259125445,0.765819851671509,0.048569372729386884,0.4592560089487461,0.5093563761073365,0.3688626479243936,0.4759191681301246,0.9693227999091448,0.10513062518777727,0.6730497531555205,0.9702004839689433,0
0.4297974942515844,0.5506033028594132,0.4858756326883873,0.6406325118596629,0.6342446631164499,0.5922608320673048,0.5121263390587767,0.016483147840656964,0.5081425894574122,0.26243852513489097,0.8521020843515361,0.2703717336269983,0.43911266318573305,0.5149690322878091,0.41044835690216874,0.754031732101889,0.6964208139448788,0.9083307300228607,0.9528356865081687,0.882674840582466,1
0.631566787017899,0.145563433036766,0.3696162678153082,0.10924797264401609,0.5665132446540616,0.6584621033037096,0.12984687656634852,0.7598672385643022,0.23308096508363862,0.5649307317197191,0.7863853993651294,0.9783642305279727,0.2339459880220255,0.616466821719874,0.7068098298395026,0.47429393391123764,0.5763297141750161,0.34003505576537363,0.945607242248665,0.28465913699244394,0
0.2817091854914492,0.6778661601173355,0.5901122830769947,0.009269291053298878,0.6046823693259282,0.2535617333190189,0.23930535679072085,0.47986590585790356,0.4716690919656179,0.10541558550502672,0.691340030313175,0.1338910578456134,0.684773864878079,0.45475944786836897,0.22633571428258503,0.7192209816992691,0.6008629440721158,0.7375609012210751,0.27729017289901536,0.15455018418829747,0
0.35196146654145233,0.9309163891339632,0.9740913867834592,0.025055559907626312,0.4054327803059702,0.9357059264419256,0.8163167638986865,0.4905401542155573,0.5345759820071672,0.29732082123415127,0.9467663698721039,0.7933189770981922,0.11750618749343267,0.4624958758087979,0.46246276324011737,0.9997627340154575,0.7262516883221838,0.9073493371309032,0.2030629192535045,0.0872177823752307,1
0.7892039547604932,0.8163631380910629,0.3232774854389966,0.1785752325669182,0.4585606375568866,0.24388178674791194,0.07681033548939775,0.8462360387527701,0.4566955959101753,0.5102653220631506,0.34310043797931145,0.5566173260097255,0.14688963078099282,0.08786767251288474,0.44537181401994963,0.8292376457763802,0.9793537851727012,0.9176372585614507,0.5818245609180824,0.05344068107427746,1
0.806044989455789,0.20834936002745308,0.2276029416413644,0.7803849622161158,0.09047412524588694,0.09950943398952361,0.4532738979902714,0.2575909101308165,0.23750521739101205,0.2931956857674428,0.4982502935929656,0.7396551565345779,0.01834349911579447,0.14023278256286176,0.673558534336002,0.03660705662370811,0.3620511784777519,0.5407147447204051,0.4764792467990744,0.6105005616415546,0
0.5325366891159464,0.17429615803673115,0.65816457582327,0.9249116379305917,0.8100414839101436,0.8028478372935997,0.6024634719266465,0.6174338707327384,0.8018866885316572,0.2914136606068235,0.8005297302210431,0.48213910252649794,0.6663666560261435,0.4804212993815621,0.5589712809479117,0.22443290920565617,0.0001636193873064684,0.6122257017618027,0.1852784710023475,0.39031268346660386,1
0.2627319074788622,0.9080817796412701,0.0882640921435448,0.9932044748740915,0.8058549214165743,0.27507915124809346,0.12218858183975234,0.5791385127300847,0.12852310618906815,0.6787794743836378,0.4111929331145092,0.9701387446948853,0.20289729934613232,0.7679659317236853,0.6528339241230664,0.22504432328701107,0.3439187665521066,0.25063697044340105,0.6760471219013674,0.9859773120048251,1
0.06582342810654163,0.03270119602316901,0.6514255391807293,0.6958569801881279,0.7139397002029616,0.8147986382115916,0.7893846798767481,0.45217410131994284,0.013808163609741131,0.36225839833594253,0.3974677200953388,0.5983243424251141,0.04761788476550055,0.9834578817342122,0.21303905391685451,0.7545514262845165,0.5955958799993398,0.555640575868316,0.8073822591108349,0.8846964666175001,0
0.21672726346473514,0.37794631114078825,0.9697990512812049,0.6172603556600936,0.2998315795512718,0.24586534189978915,0.9498478326283144,0.22961907421029115,0.4940470843026643,0.20554344123640833,0.6238668831276679,0.9139374821191549,0.5444390126282842,0.30546182562157786,0.7223280936201719,0.18926117463619363,0.3717924205153591,0.5595336568254945,0.38506649193665066,0.7173454977535723,0
0.6591139842166986,0.9680764476621304,0.10071377949442151,0.5181674617705633,0.36802449354482725,0.8440152070993382,0.9704346982999655,0.150854066965727,0.6561106720627571,0.701221724955512,0.8424665334145153,0.6866671819337137,0.19083570860566357,0.1691659449695898,0.3702951411975073,0.2805274115485157,0.26730909638539213,0.2782590144094367,0.05035934455120428,0.7732388958919164,1
0.5506364674203218,0.6641107728097703,0.8955360854730675,0.7953700871113673,0.04534517335462396,0.18487930689155363,0.2298247461086369,0.28613893106913557,0.42885289989278974,0.7882888532330287,0.08112229045519237,0.4100189790813502,0.3255310565728815,0.18669727577610473,0.8615028271018137,0.8303162841352224,0.4203085907488976,0.18568380877646318,0.4175505435131248,0.7881877098682953,1
0.4043722494995482,0.2820567069475237,0.2953640364562088,0.13912637633721558,0.24905403885339317,0.8663832836713998,0.6262324577224795,0.3809723313142559,0.6574573811308052,0.4890064176186204,0.9637267521683776,0.578855289350561,0.36343215665354256,0.3756110321066397,0.45141955915127974,0.20867143237577535,0.8497295571321752,0.7428437679584907,0.46470042812716295,0.9304286746552508,0
0.6643328818731309,0.4534237204515561,0.26311857473856726,0.6382574088473286,0.5374901687881173,0.8464524640710339,0.2522609944683938,0.5404983397803322,0.9362107748589897,0.16980193202961147,0.6126411686141453,0.42673349977861863,0.7719366089084069,0.9221902215652692,0.7123453378960858,0.5651300511600736,0.3934160621566669,0.9490248395053761,0.10696012446066605,0.6761626361512939,1
0.6897341760831752,0.18274866701035053,0.9585105720279917,0.5738912244900675,0.7709732630812561,0.10971693862445653,0.10346216136232733,0.9447917353778564,0.16585566690943276,0.6921954186670324,0.10225474321255601,0.1291186729357633,0.6718409231112096,0.4774100791545317,0.38423449162510714,0.6425085948360377,0.34967385252407934,0.9951716634100143,0.11836011352427578,0.32403746633723174,1
0.4555462574597783,0.9923288801948478,0.9256200354075614,0.3001373674419111,0.32001715104864625,0.8776744893336924,0.6887735265565437,0.2530571479793259,0.6821741682516803,0.4870370623736291,0.09537848417684014,0.757835984271767,0.534427091762329,0.6405017861843665,0.9481315190937035,0.9941025252929968,0.4990106049007479,0.8238187283635197,0.13211499795150905,0.5310296571702557,1
0.01662202412504632,0.015706169794441727,0.8287010946791415,0.48469182811206213,0.4454677905444906,0.06312448471442134,0.7789993983850397,0.41484033841450385,0.19483293258625578,0.2314417046481062,0.48441328701692477,0.5686617290756952,0.24260881337111784,0.2483699090783167,0.9388599322575354,0.24905933970933058,0.850812387210361,0.9407796616495959,0.3289291560833172,0.5926418734559461,0
0.34943638005335553,0.47260982784572325,0.01305786542293641,0.8630312377683086,0.10254065242762522,0.361397309561617,0.040038636800012295,0.25230631100992784,0.23631111008492112,0.486905844913493,0.8533275032265489,0.18776606435859022,0.8491984823577382,0.503854682752011,0.03889536066783783,0.46356440129559673,0.8828835335618876,0.4168794011734809,0.44625350654474094,0.559956972992563,0
0.029152059458749213,0.9652427325352756,0.8382185960027217,0.5777092615790639,0.20262564382000992,0.7264259535355416,0.9084378359832679,0.6364924159178779,0.8850878452796782,0.41632354349759126,0.9895433529532895,0.150869054318144,0.20902397971839204,0.09914916598850354,0.5271854922735651,0.3405310877512493,0.9249354335508468,0.03859069285204508,0.2982670781041594,0.5660043706353757,1
0.09626836289653473,0.9194217674187772,0.8530083877718426,0.5914740482085313,0.3105129402436487,0.962007682372526,0.07985496506722345,0.2871011280811806,0.5223063119037976,0.09401642054010106,0.3531895835839972,0.984301487568401,0.08598240091074572,0.23081283316051449,0.8458992165286889,0.9168588229841014,0.9297709539508627,0.3751774452535874,0.8945619126839287,0.5153153649346045,1
0.8503019394829796,0.6329940952167045,0.31592416293157977,0.6812600717248645,0.8563556816424479,0.5459062454819227,0.9185491795623418,0.4238583731991912,0.4494894650112292,0.7529774138880972,0.33951301871861694,0.7584428240815108,0.6093646953454903,0.3687607633729585,0.8152079169178946,0.5712299554916287,0.357213834959895,0.18920883635312002,0.7862654828503671,0.0997574153285894,1
0.44026687571857515,0.10433069544196505,0.7766745584982314,0.038915805992718155,0.3619268814348712,0.8251401824878781,0.7960047401939266,0.6908272206014034,0.12850097495501278,0.07155218921854012,0.016753997334472248,0.6440304271372668,0.24226640024703372,0.8762133029809218,0.8632461836145352,0.5921902456434367,0.4022996672785387,0.12265700359475318,0.5430134496640584,0.3552846372636931,1
0.41733668635350185,0.9084504066173552,0.03690076314136481,0.2928247888837926,0.19090986477644756,0.29445933722103956,0.16319853395243222,0.24451941891711326,0.6977724966565729,0.2385759734091052,0.6585464642326798,0.7644199065722375,0.5242104048189314,0.30572788630419356,0.7954578205353748,0.4417684113111672,0.1065244103094809,0.4819470041588535,0.16628597084733943,0.19206472799393937,0
0.29042833853872163,0.1118610193740569,0.18236951856693717,0.19297114425802997,0.9618337364113871,0.6640290169511852,0.09311112787037223,0.9881362545174828,0.41001032622093425,0.4855937948442909,0.007423344229134932,0.17405233348998128,0.27133317857072525,0.007931618380428995,0.11919068099573638,0.2163456834753701,0.8050171309988973,0.21897071131812595,0.5219979552533561,0.5742738711815155,0
0.029060025687530522,0.18260451381568465,0.6989243913344829,0.5360642962143376,0.5127937446052434,0.9611716841770698,0.3482795944508955,0.5793328274915911,0.09936530730716497,0.1697054494044683,0.3380315109831221,0.8929414999678491,0.6329003194889697,0.8989474088948262,0.400622676994294,0.7540074363816746,0.544218917089583,0.7973662866069968,0.5205914277303244,0.7611222885726382,0
0.522170210134512,0.10066924904672991,0.5941677188057286,0.6036826775611427,0.3143263312081659,0.06512799668294056,0.7614954997487076,0.13554970851601045,0.26330218069000966,0.8717951125345362,0.2036512892900838,0.6229778101484873,0.8030865379593607,0.2547797073388709,0.1403200876422117,0.40297137136663574,0.14901444522424911,0.9177378635764775,0.048494592956511484,0.5346193762190043,0
0.5438359640654267,0.7220531734237419,0.5678933568537458,0.13882093963474706,0.4408756899674735,0.0019002737604683073,0.03332916669651376,0.5980516067014535,0.11516217592010092,0.9119534638213774,0.04934561265071835,0.4257802473348119,0.943599692756985,0.29886155997360575,0.36183729764007777,0.5233967105206465,0.7713105856795477,0.1674190366698659,0.4786144410085844,0.25467202904254416,0
0.3529907956880941,0.4345642699434801,0.36667471446791533,0.005242364255521492,0.8074825038762493,0.1665777710753964,0.3238761095515684,0.06450819121653018,0.27469779145161277,0.7110977349639018,0.05681599268889004,0.5801013618079128,0.9184915005319809,0.5600216385746537,0.7399845149273788,0.1996147516104807,0.9779159040566555,0.997362898997875,0.971693231147276,0.5965620997643412,0
0.08837077095705914,0.24487332895105973,0.06063623937914642,0.8007964011066476,0.47350588326450205,0.24504297216073123,0.17744678994125285,0.9308581615730525,0.5831315527097728,0.6862554694201204,0.13117967476260628,0.9329600658196017,0.7997811314340695,0.20684407689931206,0.8984090345562038,0.7143381544724745,0.4110211052466548,0.6469804382771684,0.27484505955263594,0.4735884934662805,0
0.3848608110147115,0.18335334975888185,0.4336629268007558,0.8509096732234777,0.21962300924660016,0.16269326650297777,0.22391311124235413,0.6658466116031776,0.8593871908105972,0.6541079573473888,0.8528650587924944,0.33281095587052134,0.4015781216242864,0.16655279369598108,0.5458980702827475,0.02138947324016094,0.8638579647846447,0.8346991703517858,0.30246532213755395,0.1435167602570534,0
0.46243966392556146,0.9756064277646446,0.7883851348563318,0.6232987726374604,0.2843424346356218,0.663425253507876,0.05757382868784766,0.0019183453541052886,0.9592397441828818,0.5058308044727631,0.44477839367210315,0.8048470032747559,0.7953344354421436,0.8076454864597388,0.7511572945969172,0.6067345553742469,0.7273646893032343,0.9662657924792588,0.03076138885434443,0.25230075330659296,1
0.04920473968553252,0.415021546096105,0.5400971219333922,0.1122596913540318,0.10578101269975482,0.4874797690648893,0.7690299429139582,0.2531618738781928,0.929957129363386,0.6805800087726528,0.4461384480756563,0.2623092644210615,0.6913078017731112,0.3502372629326608,0.27929163257705136,0.29194292715009795,0.8549184514978554,0.3502131017507337,0.11715627071945478,0.13503289263679963,0
0.15392796607937853,0.638689559296535,0.3755143667850779,0.8448976402111527,0.7341266258948422,0.7142709107754021,0.06822984211003946,0.873054139916722,0.36740197022546517,0.947335655245308,0.38499505898164554,0.8261958513741758,0.053334210599039644,0.35266340014985154,0.3026792587813436,0.21043398026082138,0.2703480506466208,0.7872399938946463,0.5631675373263038,0.47024060937935996,1
0.749786290988581,0.8623274477082707,0.47419685527557165,0.6656374222112404,0.947795828171165,0.2093691028421335,0.1931104804658803,0.33503452637018993,0.8474411021059056,0.9731847739837942,0.6021154212454984,0.345629625798093,0.9161093934938397,0.2681168006019533,0.7886171582077842,0.6147648614741736,0.9652698942133918,0.6777544926407487,0.9692058916793529,0.5587233753727925,1
0.07590253271717784,0.7185719739610419,0.10577537347724542,0.007750584960626972,0.40852005565542215,0.7767463639812597,0.9075595730083451,0.36381580780513856,0.1938767274986487,0.07320045739677083,0.1578873119888402,0.5912633717550595,0.45720595823693255,0.062663832098244,0.07476397109389277,0.05026701166536329,0.27257719870162167,0.897804205661332,0.3918444776630091,0.08792707179330495,0
0.9480006358589611,0.04578332600136581,0.8271938320279143,0.017756772555896028,0.23409526764902522,0.4798709030449261,0.41812734491945003,0.43822693725224415,0.2664820860156316,0.7643093596554226,0.28743468039563014,0.492913408893469,0.8903294604630959,0.6705379640912765,0.5624042810087558,0.5478831360432633,0.5700337493552816,0.8593856475379095,0.21365529070046485,0.41460605612127743,0
0.32061467042242775,0.7023506365010658,0.12477920606818027,0.4512249692998991,0.37240680956104866,0.6754559641585665,0.6541780374306198,0.4774715117500249,0.642434921295558,0.6326867043317899,0.31630727487444044,0.05256848711796258,0.7091593188746859,0.9702072224730335,0.1988441977119677,0.8389762669037661,0.12384165193697616,0.8280579312977973,0.7002711263906064,0.32768133313432546,0
0.2616218539662378,0.09674265101065405,0.19191115164531247,0.6480062909820752,0.2813197157668317,0.009773227388639505,0.118402600101845,0.07348298911489004,0.21196827412860952,0.8729510395411183,0.9566190947019612,0.7527742728477522,0.058834426029236164,0.26412036131898975,0.8707576121464012,0.36241317762424463,0.92633387280121,0.5311504737141266,0.4013438442448368,0.8307015270897474,0
0.4176032381403004,0.9218322966035674,0.3847771155216697,0.44963419036767804,0.23111213915877815,0.9068184071113291,0.12038601096460477,0.21290410025385476,0.8534559720238092,0.12802309005994472,0.000856062180723316,0.04952922397778037,0.4605987424752629,0.38424543223021845,0.18268676803949824,0.2560695334305795,0.7706463170022864,0.5976043170904304,0.16169092232778792,0.5339107435636106,0
0.23859938014075088,0.6638255081445164,0.8135416689619834,0.5517444512301026,0.13835551351624376,0.46408372377758533,0.24438235093057392,0.27701962289537163,0.7553828657769484,0.49081806337067035,0.6505259393439179,0.8481328936636204,0.08227189974971227,0.6276134689647404,0.8087961731087479,0.17233046201245883,0.3542855528556672,0.05797715001349557,0.6049191729193051,0.2769044365551854,0
0.4321546278339299,0.5002675496639986,0.08158863013123929,0.9132250072917836,0.9647447790505088,0.7284996445884108,0.7115065544728982,0.77492043005128,0.6415600869296354,0.37608362963072983,0.5465615675543205,0.9253493540579801,0.8056392812592962,0.9373170281220983,0.07155457635414841,0.7994935030551454,0.5591008815907342,0.9457291937834332,0.4344986784653043,0.7469029101868957,1
0.17678541811029547,0.8925181669425415,0.5811780608543774,0.5908610560245192,0.27869979018987345,0.7330228570055523,0.7724579281760865,0.834631215492274,0.48981070263088655,0.21726140832540541,0.07210735086561815,0.1751800672053624,0.2742549494799458,0.4270291559894248,0.9614385873625709,0.06417742121074077,0.6963796992662831,0.5687065114742647,0.12231019040149804,0.40351365376875126,1
0.8412005662367498,0.5743257838771705,0.8034792270169792,0.9316281015992316,0.20229460779532327,0.7888754951593058,0.18185069097852413,0.7579001946503915,0.6563672456299581,0.8365388796782219,0.8164127916918212,0.6696281900305069,0.5323227983495021,0.6784665727887094,0.05443152744794677,0.819349495046573,0.5469501945026921,0.19377852390481332,0.37492541384060263,0.9386761924887866,1
0.3960548693522461,0.005108001646444538,0.24948412370444206,0.0912651182034021,0.5154038210505576,0.4970299625657286,0.8064286254287739,0.09429205522639295,0.7987892993684411,0.1125109508345965,0.7721012659001335,0.8481161486395224,0.5379336601667575,0.33321339499912817,0.392894571991386,0.05724241092617721,0.14343571256530996,0.5622399616354025,0.37109706398319997,0.8535854863138166,0
0.5527076959978455,0.574565319938962,0.42570862146026245,0.7967193744211121,0.7105086813262282,0.7419782283636118,0.8966629173184457,0.29872092129784156,0.8726177822977612,0.8358310503000784,0.6246251306555487,0.936527441223295,0.6427537469436182,0.535076859493054,0.5130113043135865,0.1839852209136339,0.9089448060223015,0.9705465109983087,0.25296353918206793,0.99498864641806,1
0.22092457842647573,0.6912379104829981,0.36117017965150355,0.14906737403710324,0.8336675329040067,0.00780750730239943,0.8984262183244524,0.879445199718519,0.06016887369049717,0.04002387878780034,0.47438975832828223,0.812935906290557,0.025880385044638077,0.7484295354312211,0.9009557382847369,0.2611130744593759,0.4271573330509192,0.15199305965458598,0.06518553071883393,0.9600647413188328,0
0.5311190537724996,0.10725173912161501,0.9019959876092745,0.6725748593958727,0.9978506906321568,0.8703503414255599,0.6673999955599601,0.1541200260315665,0.0276709172848153,0.16562308138561055,0.7028329501406342,0.8612784022153024,0.8511793441194391,0.12357350601714967,0.3883938200300969,0.06280873516855734,0.23256710224506727,0.9593321812986585,0.9423953382376618,0.10892157232115096,1
0.9283425572905742,0.2522203010825731,0.6705538061587015,0.4856350748440976,0.5692589749523966,0.6593217962728413,0.4891582654014429,0.910616010492132,0.7982165371559877,0.8913002732539895,0.9189757103161726,0.8964738931683801,0.42664620842093637,0.10095965212810776,0.21055217324424536,0.6323390473252285,0.3878931558615294,0.7548848018678366,0.6355799638101454,0.7531244982372257,1
0.6990966016526532,0.4015888638933145,0.2055824260722331,0.0631897794295494,0.5380231623705923,0.05264912653245479,0.7178984023341817,0.4457226373330937,0.8426350139042067,0.12137929406635051,0.08659404429721429,0.3710322423623106,0.7522757053410012,0.7639534379307845,0.8683505826555011,0.6580526363905942,0.9029171542257731,0.41936587212424603,0.4376322129192821,0.17264543335843496,0
0.4585421219318865,0.5472159506562448,0.613512557373362,0.6928534394778428,0.09854279190149695,0.261973834732806,0.7278665117795209,0.16843836031800563,0.43326961711964385,0.8171650086802357,0.4828175997517391,0.37948878169920974,0.28904718098957227,0.6389853241641561,0.14931325081283664,0.010087880642708602,0.32279156071703397,0.5003746382301559,0.9712878498463162,0.3051939133692737,0
0.40162619027863045,0.29834429723976297,0.45952866099805345,0.366033771742168,0.8638579361673767,0.9345747618439117,0.6816885715198163,0.749801820498901,0.4672442029253302,0.8228541285932666,0.30215739685971366,0.9473344998392037,0.705662800601803,0.14283209292961474,0.13849051868962392,0.34502828220839976,0.8568995012969336,0.42572108288547716,0.58378083968839,0.19857956738591476,0
0.15264557030376735,0.8508568873169072,0.6106648941441185,0.7982790920985304,0.051916832058432894,0.6929952627209144,0.3279374499470651,0.40973656148635484,0.4336243579768594,0.8566438640197664,0.30447027958070727,0.6960324491896863,0.24691894870439457,0.340427045251843,0.18541012910674237,0.6443794217314878,0.6945785965443889,0.47185298435731793,0.38613579881158544,0.9745017090347211,0
0.7786930025101754,0.2684642591879084,0.5527944825128474,0.02108078860745788,0.9057590179508606,0.19003848263428713,0.9562622854270398,0.6699585441985333,0.9422729041180025,0.7880400083983597,0.3048212499945401,0.39266390492229764,0.8304970601989511,0.224290334823794,0.3138433089172097,0.660000447282711,0.545382520274633,0.8879797549425092,0.9439865718814119,0.7609083966791041,1
0.06706266413375572,0.7933195321903177,0.18628789520556932,0.8372885564530228,0.06256907644419674,0.2876313319778945,0.13046740172174687,0.5162578651475381,0.44652580949081555,0.18087301926865174,0.2940856531077919,0.8526756231243383,0.9699629466922354,0.3657148901364017,0.918868006746639,0.19965608639494803,0.9039024638972586,0.4861542367534316,0.12297870788457765,0.006815507564551959,0
0.6649208248181186,0.9354688627274699,0.6778215499998653,0.9977341970902185,0.34935131030854694,0.6288762269956041,0.9243990464385471,0.3236346075887643,0.7299935440323005,0.8755082965165415,0.5346048955439351,0.12489290715027723,0.9367270652583031,0.23530460451047153,0.7707450153015935,0.5487129382030818,0.9941484426728221,0.9105067882407167,0.9782394556508905,0.5820343282736481,0
0.3245224152316799,0.9167162566000252,0.629642131376249,0.6985518716439759,0.13199378570735965,0.3445681645761165,0.69470461333328,0.724407273477937,0.2440507821417105,0.6968365872370568,0.4414932913993025,0.29912711143239,0.5717069034794805,0.7514672542265473,0.4885079268589987,0.3820377183715513,0.40592819942565084,0.6280960294259632,0.6562609711944292,0.06886477417831682,1
0.9566095365260674,0.19996383224627956,0.7028347954944154,0.2736288721712862,0.8724429225220782,0.8523152782816944,0.488256344133861,0.1418591650326344,0.37732386612339375,0.39668252335059373,0.6149283007641426,0.827668953255935,0.8435236773491815,0.9812325449534194,0.12845493151265108,0.26793982343400913,0.3456768768098436,0.007252118938433583,0.9645843867882251,0.4938915194574406,1
0.9012489084315831,0.9020890818371883,0.9003617131221965,0.3962030481859068,0.0509346064330386,0.8820159654501519,0.35998243374753913,0.17750984659199132,0.8080307215830299,0.6137233027732556,0.08083110959977635,0.29390498994330294,0.39410792344949674,0.6559307893509614,0.5388894813622138,0.13579199227101557,0.9299040088036122,0.6185655828763325,0.43957548530168467,0.3840813097028879,1
0.777477844049248,0.28022406625909857,0.7538274037354218,0.9687207707641139,0.6594389159270382,0.4958897657758149,0.6226502188550566,0.1807208570926867,0.659984801871201,0.5790527880287636,0.9948848793705225,0.27619907324631865,0.09242259123260343,0.4459417776067748,0.4994122650937225,0.6027432628058225,0.5981285171061305,0.5893677343294118,0.18547989999568193,0.2673991810295686,1
0.3837381869040135,0.577966782270142,0.24899008276940693,0.31800827501392936,0.8207770625953917,0.3430572598198117,0.3021331371924726,0.39270325807809014,0.5441273943485166,0.4062847890566028,0.9431629587985739,0.9376709400755608,0.16715902174359332,0.4820014503454688,0.7600077466942777,0.4432794159338944,0.5551826216284635,0.11834035137497767,0.40605204730669775,0.7953036155832474,0
0.34097666149278216,0.4156117951357825,0.93655610827279,0.6799285653733386,0.6715989862991038,0.9560543072790946,0.9543311513411,0.9181896324297042,0.5352786382780467,0.6844671701861407,0.1964160130554714,0.7382508903487074,0.0859962997824375,0.4827211538523005,0.3857476145711055,0.17165724537423832,0.970210236519226,0.7066419896446374,0.422825945677323,0.779010338163871,1
0.7811081056870721,0.9652266461561825,0.24362399225366216,0.6321147654249469,0.6319323677897644,0.2625441643010461,0.549457527594097,0.2246567802902263,0.6810820002097182,0.2937489318124529,0.11609746363418927,0.5722713641169754,0.6587868764448678,0.21215343156868516,0.6854492078047991,0.5126173034766212,0.6540486709019245,0.004574239008132475,0.3084374007234143,0.7005644123908533,1
0.8434730813641048,0.331310177736438,0.05999744847876021,0.38681050543882634,0.8225115311357323,0.9017570514587846,0.014443125875390206,0.7761912417509652,0.8550377723782694,0.9508943527583738,0.6815415547673003,0.3912938030887484,0.4919132900183245,0.16482042888999682,0.7070156225681374,0.032046063532620184,0.47073965163336773,0.3755981235049669,0.5336127453907042,0.19589968366099364,1
0.3360760397535757,0.8247424317769723,0.5303076268010053,0.08539557307492662,0.1450400205614838,0.6599140046357894,0.9696768698300529,0.13186553878105334,0.6237818508440025,0.9806378297765249,0.2775848361160115,0.07449188764654946,0.4491792959663993,0.7507679194151503,0.8265009900149256,0.3048463539438485,0.2483761372640021,0.296963281659405,0.3507556107904306,0.4976116989586593,0
0.8579560352781672,0.5553753409734402,0.4351126330033521,0.7532631409620091,0.01788796547470206,0.902723580188668,0.01943702116299717,0.5568473616750561,0.17696485179806087,0.2679245335019157,0.07216369026013703,0.9459271312600032,0.575231801760746,0.8075094527818348,0.9374868780800486,0.2683267832940508,0.806722503673178,0.9597800101514936,0.587336602328704,0.9120536368739984,1
0.8106158712921965,0.06683650306129607,0.12123082248158812,0.5536941602424093,0.23983528955846778,0.45235139706676875,0.49462993837995617,0.8452186217481997,0.06468431784822315,0.5231174571162707,0.11390681736346231,0.4459634924816709,0.09629029313762771,0.7125690130950284,0.817319650036136,0.904534801337501,0.5254166612117465,0.6441823243173962,0.755086048053222,0.08580132191160939,0
0.730516211816996,0.6207764474034824,0.19392182138867087,0.09055251093009753,0.5969984038496176,0.8220729201869271,0.06030986591414289,0.5585665358057224,0.8094874655574571,0.6476998937516627,0.2750130716073369,0.9983198277366659,0.33513845434326095,0.8368677640932825,0.13310791390591825,0.9951564734160245,0.6079439352001729,0.6460859822300199,0.45807740936755414,0.680195504384207,0
0.12383497460823556,0.16401326039754505,0.09126315383426409,0.9386540228864599,0.8904401972877006,0.996152439526755,0.4874882197696886,0.4993774899462554,0.5355644398830485,0.1583039279467794,0.9418341403377424,0.05048240911306645,0.28133459693860585,0.21451095223499506,0.45397418324560446,0.48817863403546335,0.3781743942796594,0.3553319744222102,0.029368291571126193,0.4806574800268033,0
0.7494197741765042,0.4825417650596793,0.26267801979829575,0.6819581064861967,0.26942115673775624,0.42483836124076546,0.4286551602170122,0.8658605972774291,0.40487598038071726,0.6550473378153019,0.9851281923954917,0.7612921868313429,0.7962638324077566,0.5345616939963324,0.9479030317499405,0.277871985586032,0.7835639907615047,0.6182028988322629,0.6708478362360969,0.7324550674593281,0
0.3960672145918833,0.6228021855220369,0.06599017884240321,0.4706960524284597,0.5676784160443081,0.4623946404967363,0.08791966666425222,0.7280741588081165,0.23719167836357768,0.16575659866556391,0.029461425406928643,0.6785005997953425,0.8576215976281679,0.4050968247888268,0.09534901693591091,0.6430162774631791,0.327381283008098,0.6872062350693773,0.6836008853648825,0.012848813581743057,0
0.6615821446954807,0.8138568409106294,0.6645736160046313,0.6037380351472599,0.3742286569689963,0.21595571336860309,0.5774446892404698,0.18162457427794698,0.6116431655986164,0.8468670439117826,0.6684528282809423,0.7222824401589499,0.00553901091375375,0.38850976281838046,0.13476835843895973,0.12325484645931084,0.2613884300516447,0.004204745043884017,0.588341731805403,0.2853237067991704,1
0.7533257124419379,0.7511084295182322,0.6532884537759058,0.44502068313573184,0.5198113028410073,0.020312774769659425,0.7349979598397862,0.6173434011591894,0.2951844905397818,0.7056616595112959,0.24470411787946988,0.9450477086163839,0.3568841335183446,0.1565078281551202,0.32928398344201826,0.39354198769298054,0.0883715449568041,0.4020161723069101,0.8119724704528085,0.8399043450304393,1
0.8920820748030791,0.4855098504282088,0.20649540559581958,0.707509831557603,0.5323171549727886,0.4743768308826797,0.6034210554451305,0.4757411590986793,0.803219465637756,0.8947170815035912,0.2916359239135933,0.39349199662884315,0.6003862858688165,0.5533728849278365,0.4557102106303632,0.8475345066148449,0.8717948622507482,0.7503946805084142,0.43588627962850723,0.6121122505686286,1
0.15670100061768555,0.6579927441598798,0.61068754576927,0.59105770586256,0.8171001797849744,0.9863054606279865,0.5236644967474282,0.49710177809979583,0.6483342033229934,0.49037615418344627,0.6048105302892542,0.8995078053675138,0.023230940056799376,0.31420942991895007,0.4406657075945528,0.5090942901864532,0.8411353486746204,0.43588945306543536,0.9468279242303999,0.5096327530444006,1
0.7951164294281308,0.7823394659671794,0.5524064740546454,0.9285073725020345,0.22300052526291636,0.06782009687102597,0.4493741660400167,0.49886131804897327,0.9003346846185213,0.217327194439901,0.25862962471948947,0.5197175725961585,0.12280714739764342,0.6708822894215574,0.5738000535581952,0.6412388460189969,0.13714423061057446,0.2767892561083096,0.13663688683395836,0.47737741608056916,1
0.8599881926506453,0.25524515618380783,0.41716414814629554,0.40192572085335876,0.5333676913270433,0.5236581344145198,0.6326484100752553,0.1761055354707498,0.5173263958747933,0.07438163889182092,0.21369665820144024,0.1100184674875807,0.2605259816199451,0.18083249814946745,0.6406862149237325,0.08258387303418802,0.07793496999597116,0.6666082786283728,0.9200426690538986,0.998254198533121,0
0.6856962681243244,0.5192245678386148,0.2948482619503813,0.1824271266253764,0.9169363679004349,0.8105627300222162,0.6311890661514251,0.09375997907477374,0.37119740097733955,0.12992770588481417,0.05915546492659762,0.18663462041729295,0.558001611472551,0.5688837582081664,0.16993580890481397,0.6919909154137653,0.09477180468841662,0.8642349435310703,0.6801164167831053,0.4153440921748296,1
0.7291750649228473,0.8270291436971418,0.26741159742435605,0.2047358230662114,0.28501831745126316,0.14392351345883514,0.8503467031715618,0.2662225862313593,0.3196909268291527,0.2476033745709808,0.604730386094677,0.0846872708126466,0.1367873657075218,0.906157040412165,0.3119542860646265,0.586997909916626,0.19164101742534445,0.6035628671896552,0.5210029594397315,0.11719611077612013,0
0.9513677688689455,0.6382196075372721,0.8521326747533392,0.07250031466440299,0.9523094824556257,0.9027401330980931,0.16105296991891915,0.4546290770015594,0.629374852450649,0.02545550865802848,0.1650674755057181,0.2920226956115195,0.7603846271142901,0.0816250054840939,0.5238154773593082,0.6792258418837182,0.42546923008328896,0.560332278839952,0.9980037214135821,0.9187440326423371,1
0.7710460761769142,0.1524346727183593,0.14210830456788826,0.597054876380562,0.22082716838902572,0.8847516828353921,0.32309121837510046,0.9252593492816478,0.23398651151920025,0.10097143389692886,0.61975394368832,0.3392558879639562,0.07305243588798038,0.8830370027074785,0.469918786309954,0.6276019218394194,0.45788257018869416,0.19115034129363062,0.6582074098263309,0.8783344415609095,0
0.76301818119065,0.8796765691530892,0.5952244026394434,0.2025801309777412,0.7891251867967967,0.8112928679995345,0.9348990629858934,0.8611008715869171,0.5931631000424531,0.14388992690259583,0.7509282504912008,0.513388542417397,0.28570995681281175,0.5337930748356162,0.2841174608800421,0.07785649733320199,0.7318323765553676,0.6496839454679422,0.3724149366888496,0.3188320305663832,1
0.6070892957172218,0.5924249352490054,0.3202180839572836,0.4230525736977153,0.20144036376929053,0.757047103384947,0.9153090594828691,0.7942437514180417,0.2884919417262417,0.037907468226574204,0.5995953737673985,0.12858573962609343,0.1290077102422027,0.7606873985751461,0.7208398230578702,0.3701556763113558,0.06412986478516869,0.4182091106208953,0.05827454842948587,0.9837050117140077,0
0.7313929416870442,0.026421643675393902,0.24999953899655436,0.7407883752815267,0.01606992056699852,0.6598798250608441,0.446685305790981,0.654253902476638,0.1866542694157295,0.6313019232897286,0.7502862343534887,0.8780451447685568,0.7742238934798742,0.9613491681550029,0.911531704163574,0.3226116662612527,0.09651971992103514,0.7531169459060676,0.6435230915120708,0.5857175627243343,0
0.018450418153545534,0.17385219452894585,0.40094114741938736,0.3846488173505903,0.7641710021450098,0.7215426328560937,0.5529877056717635,0.7243960780007664,0.42281816578380116,0.11515429972105884,0.7012147670028351,0.02643115852124589,0.6155367233176399,0.36460211226925676,0.6455112448014181,0.21343832847963584,0.8383314628458944,0.9909294972618375,0.9978283430572491,0.9934254473562272,0
0.6150884102168657,0.7891544152551395,0.269601175732204,0.5503907659774672,0.025330220920990687,0.38174567786689517,0.48774933264750464,0.07835203471731522,0.3853658158882529,0.7485777476527656,0.8679815915528704,0.5190059757294118,0.44467702114781926,0.7746460979385138,0.08718361607424241,0.8184239025522501,0.5461423305809227,0.8047622014163646,0.12585815154012203,0.1265698144423143,0
0.9499094099314384,0.6934989278760757,0.810153389214128,0.28883874030527346,0.38702039319811576,0.64500630660021,0.9760266936012431,0.3153555972393427,0.5070144529528303,0.7992985172892297,0.5303552071321437,0.2418364387084706,0.8176044054932915,0.5289562756942277,0.35184612590733433,0.6363079056217293,0.6303488900469816,0.34384079771147824,0.304466797468098,0.6773082853286448,1
0.4289114489097968,0.06529624162375747,0.17658408874924025,0.6303543241907723,0.36315175249613796,0.5762981029077867,0.9021302784141607,0.2987979817390639,0.8251026860299296,0.8254164083297437,0.4863807933784775,0.527561331032222,0.9888433604073269,0.1791642982540197,0.9454131251664287,0.7764855452868172,0.06655109442243712,0.3444897748286111,0.2880389860736131,0.9788249461521752,0
0.3640471078044599,0.11776833964519995,0.5447022626256794,0.18044076927828712,0.7401413236485579,0.5530025770101645,0.6903108435007628,0.13068302132213794,0.24548891039450282,0.24471479449395017,0.2902817090850166,0.25235605474682365,0.15545722044259036,0.7378752488564724,0.9563531594203417,0.022758504325062434,0.5449564373632052,0.8823851405092292,0.5741364398802212,0.45461357064034924,0
0.6860138386212102,0.005972063458317911,0.1351509584238083,0.5923818004421986,0.19269538952344767,0.1735071775288738,0.9811688878538194,0.23347094075798913,0.3847754139237717,0.9027066684461538,0.43324051555226717,0.897958110318896,0.8827312858930431,0.6585968253753667,0.6600227663888,0.723098115347901,0.2529895110437679,0.7782089213065221,0.793700710602827,0.6226390338003184,0
0.5863519874475287,0.20893774278837396,0.2810446370305436,0.18683704626022912,0.07354358154164853,0.1839404763317326,0.77789267483323,0.7346100661086966,0.21567991135603182,0.24179731042230457,0.18365232073860183,0.8120861938637323,0.09638447759047519,0.49267926831289155,0.4853155613258381,0.4408989386148845,0.06974949038441636,0.5250275303061803,0.8101845235651385,0.8446453985767456,0
0.8898574600786484,0.06501452042401934,0.39289595688135115,0.04373516642890507,0.6830835921080487,0.04447532523536801,0.25105344207140523,0.35289252511185465,0.9881687463394131,0.9580785781020377,0.3091581200760002,0.5130829354551608,0.8532831001118223,0.9664113395111237,0.03145504969982038,0.020609209776619286,0.9907367870089573,0.2612289038215637,0.3671698430260728,0.10212764750739689,0
0.13548579183529097,0.8335705500058357,0.8549057573243577,0.7423666720103955,0.9128021546302614,0.0866692274019798,0.6485775036996236,0.7789771789033435,0.05405040907455361,0.3709155827065609,0.7255016479718303,0.1385306377815364,0.6360166322147819,0.3545671994634618,0.8147093047272924,0.35611477049369955,0.13093204202279474,0.36307350996808496,0.638653477439252,0.645516494110234,1
0.012829437710143443,0.3581118081775688,0.25552606348527496,0.7182679181055641,0.738616660848476,0.02369794505247813,0.8955742643316799,0.4659848610103463,0.961660688516782,0.16660058707631742,0.9018675406401735,0.03604618133894988,0.40761485249329754,0.7326775450668636,0.4474970257212837,0.960334432210243,0.012598531245821332,0.3520892854787966,0.4340343232976479,0.1670120888288923,0
0.644387082401991,0.3137417122705223,0.31446076227700204,0.7943387534383788,0.37075684576633694,0.9210440149925763,0.8536264361337795,0.9650271316697626,0.6287664454292698,0.49793808715101995,0.781211941740947,0.7601812518281477,0.23826949269876618,0.4690180611011876,0.33594858216993295,0.7529672968680301,0.6634929109553459,0.9406274404648245,0.013373662854161972,0.8528521424448451,0
0.3828552274674806,0.804566549400829,0.38296352043875537,0.7957175955591631,0.7692239810592559,0.3992437020474612,0.2350225127218566,0.9778417296829038,0.9964674186665087,0.0465381996417491,0.08112284047703311,0.22653766647872364,0.5091286042772443,0.9886238243207935,0.487068355542135,0.6376020184887952,0.5776922232343858,0.3125766444781729,0.2623512219797365,0.03427958065757564,1
0.6303758356668229,0.651504064383995,0.7069529351126645,0.3560579380308707,0.6493619102791106,0.0765570053869431,0.9843227954481655,0.7453830717493058,0.00800025373931934,0.7967086370609097,0.5388154312978201,0.8849755787240571,0.7457515742530848,0.012328311437700634,0.1552031787012783,0.2259005239542664,0.23150639020223174,0.4790787470059974,0.3034051083559314,0.0721741317006509,1
0.5830001558009978,0.3920102852095445,0.8266214681216099,0.36641270486433763,0.9460741444732339,0.4250430420154596,0.3451703544700424,0.41999996268480333,0.08923092076483019,0.03211765547819423,0.5151708648357861,0.14729410518942232,0.0013291429075464878,0.9415899477618872,0.30264025988005827,0.6097258156461568,0.7486177830485896,0.5201931214158932,0.27157314256114395,0.8533510814278282,0
0.10762514831302439,0.9935287874676543,0.4897151992427029,0.970056484767399,0.9510247940390125,0.0057558322793161976,0.13065999101281878,0.5577542710940073,0.5436157309019897,0.0016104013960551722,0.4377755580992555,0.7724616753034593,0.9521469005227848,0.3938427820524194,0.8870672073188931,0.8786926511187158,0.6159900273092385,0.22753089924726444,0.8890647785113408,0.68829055883571,1
0.8378099859166601,0.6454718582556603,0.6370785731542027,0.202328768302233,0.12223189132210377,0.9915212470289566,0.043126920183662265,0.868353245844243,0.3695100979550556,0.7162669215530768,0.9637104858236333,0.4616581654843447,0.3207666303889408,0.36666580952066596,0.9362733177990423,0.0763878238497483,0.26719518341163684,0.9009235909647719,0.7928320507266797,0.3285799504244026,0
0.4268048908256741,0.8251552597285108,0.32574630903857205,0.7755072240511509,0.3448328625387611,0.3566100792923943,0.3821551768604843,0.2130335614236477,0.39198908115178854,0.497482686874007,0.6204803027447341,0.20085195283189217,0.3612616165991873,0.0885429955999737,0.9593148488626487,0.9669867945619457,0.4607841950673145,0.38295584349218725,0.9004270642263338,0.5794191228267943,1
0.4080329884587989,0.7379096635448692,0.3449289267003036,0.7311013930850896,0.9092076652603224,0.2833286499513632,0.9367888312748772,0.15880968322381273,0.036112852100526616,0.8167548281341093,0.6941603416567114,0.08107677230364763,0.021925533557182852,0.9513872833961321,0.8734963272900201,0.31827717557778223,0.2653606225137205,0.24920161460725954,0.009389920820291886,0.7231917976897067,1
0.33128494668279873,0.41082210696013266,0.10453160998124178,0.1534431817815648,0.4251155948023515,0.014719679533545471,0.973420862282864,0.6261021547664483,0.7573215132398387,0.8221428225898577,0.040555750583026406,0.7391797208053943,0.4181512470371461,0.519918398757898,0.04304907032652727,0.2480091666832912,0.08487041363226222,0.8847735785825921,0.40940405646439504,0.13091997816519696,0
0.6353164950882842,0.7015749432377417,0.9521824522321063,0.1521058670460711,0.45947045626227234,0.4535137370291237,0.41639588106078584,0.5080120550331317,0.017781112184191428,0.09302918441427821,0.40080418811364893,0.26019779831364753,0.2702665346421702,0.9456148040659453,0.08033468350541983,0.09135826800021907,0.6202865322796463,0.16106263478973826,0.8108958492042124,0.8899117039545384,1
0.7158921619390418,0.9046291677921457,0.06440178298847132,0.6419486953688122,0.15380029342133583,0.9580229986757139,0.7035982881868172,0.9960790043482628,0.4065438706649308,0.7435100356532987,0.7949628797355226,0.6098225542259901,0.07641321205408069,0.7997500773985884,0.010141740483655348,0.5870674923483292,0.9869655754678998,0.950028150455114,0.040020518380514125,0.9780257185584433,0
0.8538429780305473,0.22182696264694135,0.498596563302371,0.8031797256244961,0.8703991833931051,0.1455923590509317,0.7596058153864065,0.08575686414588013,0.3640378652220806,0.47495477752809645,0.27574895746732886,0.7099774780254527,0.8878872122946505,0.9667962179187097,0.5498972239368186,0.5702335564835913,0.9409772772489517,0.9936346262866056,0.9097237235658157,0.49298168609890425,1
0.932851867840977,0.28026798583459533,0.3335399214755308,0.5366145893314943,0.45962283679391824,0.7671006101699103,0.10469552682735872,0.8496826247136426,0.5742410856910297,0.36006091329336565,0.6187204567650942,0.8769393285709298,0.09994013881086428,0.9732350138027906,0.9251366920885356,0.7947750314430532,0.35286451864876067,0.3733687539724928,0.1636698445087864,0.4377192497167165,1
0.6805735475553044,0.0018307686495492304,0.2865877481780401,0.4654166353262803,0.3150350209182571,0.5153861912551181,0.3026067997798555,0.5413930901263372,0.7250480625730019,0.9109231288777957,0.541862214552943,0.5086015721972373,0.8443323513918881,0.7442892818477849,0.8159851804923854,0.7909432896906295,0.5337648543877169,0.6209310187220504,0.8475961670805311,0.0008319925202844303,0
0.9370366734712758,0.09652123050834427,0.5067300065659649,0.3045143635318962,0.5586496610494246,0.8091864372837462,0.8415079521793453,0.6569886624982375,0.02045120428748126,0.17430103963202237,0.37277322672527646,0.24631853370293944,0.42950647716405443,0.2150746738241981,0.53998156202692,0.5691337306341248,0.017732224353285808,0.26255227791507074,0.7773496871771736,0.7077844268545321,1
0.890773336017006,0.8454268788879535,0.03518116568579999,0.04377442165960832,0.3630465936470757,0.9410505542205417,0.18184937621769282,0.9952173769367914,0.7576695276251755,0.7627793993216817,0.7304434136782807,0.6259044747668697,0.8785917065458919,0.28071213256533334,0.7373907848166493,0.7307580861366524,0.3183387937721933,0.995802457666922,0.988751801381372,0.17576633848700374,0
0.827088941948899,0.7927217559104781,0.4550599468613431,0.2514006142594678,0.037707363856054,0.6307246907873036,0.2227167731906159,0.16063560320363657,0.17564977449192398,0.8723559617391097,0.3472631052190204,0.8607231796269597,0.13775107305586165,0.2756188461415573,0.44472399721644085,0.41308007514495637,0.14646812810409982,0.05093221599502584,0.9480619432684844,0.3770547567708322,0
0.6043296449679069,0.09615981697714282,0.22127197864506465,0.8745089040529058,0.049858049425118955,0.6527652732012257,0.6642045375924913,0.6548454915288694,0.9100608026743887,0.2988144806597677,0.6049855271844783,0.5890996553707496,0.5024283746200527,0.46626186847624596,0.8059109101618832,0.3178497802635586,0.7113468965526023,0.061077498279761944,0.5412268205909998,0.935184310111243,0
0.29564810433563016,0.16161450395572097,0.0863177315808259,0.5820123686310966,0.3566583380700221,0.27455517858870127,0.5985151790909922,0.42078070953575086,0.17399161092289628,0.11080389538964763,0.8904982876177853,0.042558441618009146,0.8926983475842021,0.1387044980330906,0.5908157656553333,0.5236209779427589,0.06382541778634254,0.8757947191536738,0.9314895445673995,0.08368923878472434,0
0.8793088907191188,0.9228223159202907,0.27340650158974,0.47976542049806004,0.24133263511181002,0.250095778659984,0.9793856725899639,0.4481222211124667,0.11546513274485193,0.43770940808030845,0.3113589499538105,0.7870284176610336,0.06180165761288703,0.22691629433458438,0.30285114705213,0.22291219867258327,0.18841968650576213,0.7060831245092782,0.6127143651888912,0.4962085463020921,1
0.9340312294926121,0.8693198326719982,0.15326750324986327,0.4359963809973756,0.6672887965426217,0.41687193037710035,0.21977541845231097,0.3853563212667348,0.33420001428903146,0.855171483537981,0.5714618066068589,0.010862441060480288,0.27791815134616005,0.7864263578805158,0.7203542855238164,0.5795947222672237,0.8204736435883125,0.714995057270717,0.3536367130368948,0.23343298714519067,1
0.765583278995825,0.9512877831601583,0.20279181838332783,0.0642578244116826,0.9535633602478552,0.9923525904557234,0.34559857479238054,0.9130562554879839,0.6755953477398382,0.7485419686138104,0.9169685728255097,0.888400234640404,0.3080089890166171,0.3278433554408864,0.4449107598457521,0.5439006758890486,0.13341764182899263,0.9050023013781968,0.018406568794810285,0.259935714609167,1
0.5150311156854371,0.6369049055213939,0.1932214022806542,0.6666502583000934,0.9137344877226928,0.4367776120753939,0.35984980430434266,0.5220050843111528,0.08306846544870294,0.9267231720835055,0.22146905633288028,0.6385262623597328,0.7548563868111133,0.3846890604573254,0.7486866336343005,0.47954646923531563,0.3169852722467682,0.10750687178933283,0.6519663750120493,0.8465676981202744,1
0.015078774806210227,0.6964918752804479,0.06851636442992293,0.29302010144752,0.5863012932396043,0.44168211202496077,0.9330630850871219,0.2454404169006581,0.7618795541095864,0.9269107748162355,0.6530616595807351,0.6929399412972023,0.3898038901174602,0.23439896350741118,0.19337253461859905,0.025598851641836173,0.8817924294593219,0.04883572925073243,0.8005564614569897,0.9941735105776834,0
0.28916741990999373,0.9409861757030182,0.9510873595445165,0.6995532612298787,0.7259622334144797,0.1662853108528045,0.9534964973268238,0.5506007496624421,0.2571626194506028,0.6235723574169899,0.7535962724043694,0.24097209899049443,0.030142956991596415,0.46086704351654706,0.9226329298919269,0.19085945284383188,0.7243100740503775,0.5396129094215099,0.6177910762563382,0.8634943849353556,1
0.8576493251163255,0.6437190237456858,0.07317988379024565,0.35549880345737583,0.553033223565206,0.666274169420717,0.30298617189742916,0.7406966626808569,0.5626874814895095,0.744480470685482,0.7713904210459719,0.2608498055115286,0.29436934023828687,0.2401017999213848,0.30990298471316124,0.6329683350638026,0.45971959755028424,0.6413346889316385,0.49616651368921494,0.5641834480848638,0
0.3658755882315089,0.6334960354357967,0.5029301030186303,0.7078514530287144,0.13066411510213294,0.09777874604050163,0.6735133328870343,0.028290245048826712,0.06133167133822426,0.6940908007667235,0.6079534779305504,0.46757438569164556,0.2905483570473737,0.11407196534412978,0.33129685401844533,0.22439475393867447,0.2713822521963579,0.35961111268514956,0.03542853400587065,0.4827907412225044,0
0.712318937975016,0.20288408284803605,0.8146275179365196,0.7133081251294526,0.253543525772285,0.4644705906107266,0.7297262376189014,0.4885002702992596,0.8930835960822988,0.3904984773462419,0.40208166587006056,0.5830794416955055,0.6294362210010804,0.5732867072543616,0.7559878346796944,0.876642947934669,0.3152820369228635,0.7556031784168521,0.6129746936375358,0.2598447337667874,1
0.8403752995116761,0.2331259249610329,0.3233448757599795,0.31701385517321923,0.4946954771615346,0.13983885303300947,0.4474939673205869,0.7897853851585858,0.68682761607345,0.5121251305843262,0.578641617441423,0.9974966782836577,0.7579823244733706,0.22327904603207738,0.04185257746071225,0.8680359415357543,0.07800632862247647,0.6355750470456564,0.3069821020156498,0.12037930436347721,0
0.8614423491018075,0.2343235730438329,0.013176686641921509,0.3862642556166739,0.26412174404399125,0.0996274819515881,0.46740967373932063,0.19547461069063554,0.8789880366003746,0.6886532730329111,0.4451325022777405,0.5086601190381306,0.6081924643811516,0.1537016475757026,0.7890779149495294,0.6097142431733675,0.19408457146168023,0.16260527921979173,0.8191295843558516,0.4713619480625081,0
0.2883369317359048,0.09939479930402673,0.4975786017425863,0.6252824821047795,0.7457134153670171,0.920887893031605,0.8447734451401214,0.7259270465483058,0.3056508950617899,0.2817333602207913,0.3137793698459914,0.929023821763056,0.1972015064562409,0.4966636551079122,0.12417935433727423,0.20124455600027047,0.10743416093095326,0.9594397463534972,0.8713187247296952,0.20997284086040702,0
0.17479030932173312,0.6067575144957432,0.7266186428507928,0.837003198021365,0.43393207226168296,0.09192759041953624,0.4638134865153988,0.19402651594961273,0.8950390577327623,0.9746952591445096,0.40570282000989066,0.9670576473006635,0.016084908081142935,0.06976709596241037,0.7220193616225308,0.5120024433850262,0.5255304335906357,0.406575253170839,0.5088887691267989,0.14347523567317877,0
0.7674459290533093,0.30832050738561967,0.6520064818606193,0.39832454183892063,0.8892582068511702,0.3509144455422445,0.16816725345229455,0.6114576351776232,0.4056793446402044,0.9712906429444483,0.8539766408980958,0.391133555495761,0.30345183357641803,0.9821908528297897,0.843198324042564,0.9710970309678262,0.9861739197512633,0.4097783545002325,0.011187448908330011,0.4935508552336456,1
0.37569935024614787,0.34741941026915546,0.7250388392337441,0.8584716379823649,0.7679068568461868,0.21698207063089237,0.14113661401002764,0.8136777608927284,0.1963019108421079,0.5481483901502543,0.6840748155420824,0.15036295623279194,0.6383061530883181,0.12517057231668105,0.9594627896217769,0.4776542360492787,0.4009501454932579,0.9195421864485152,0.022139374195881967,0.1338408733665829,1
0.3399585943062621,0.5901613465947663,0.20409047432011096,0.7302364692736739,0.36175488997507155,0.3593366256084388,0.21633293308010393,0.7701258631136078,0.009136697131001625,0.2096115302113024,0.7977852566446132,0.646384134971883,0.15743587959457173,0.8379998926380615,0.770944068931434,0.3848447896653301,0.907525157172444,0.41742034822084695,0.2179733881831114,0.9799853785654743,0
0.9530676142875145,0.12193167199946542,0.2626985606443246,0.7547673819530246,0.2454077913704933,0.1298388633536467,0.5856491671349273,0.045744396520303154,0.6794460506604523,0.32572102005293,0.139528772549129,0.2661481364430157,0.5763699761621083,0.734276569384373,0.43854528739297993,0.03364344716738865,0.9286390212126436,0.5125049486933749,0.7719419376951477,0.4388548737024124,0
0.12341556485896854,0.15262579265977716,0.7341334567863602,0.38067075148543883,0.04761616653080192,0.3917941389894253,0.9797405571370748,0.43460280903493487,0.4142339074455452,0.6031238422256628,0.4928766061760296,0.49155250510569504,0.48548294634861267,0.8457341489759197,0.30583444887446,0.30800694285192187,0.3650135902982351,0.35429145865373346,0.6805786911457664,0.2768809863832392,0
0.2531913353628593,0.510428185268185,0.7598958171353744,0.192393008538157,0.641122524046046,0.9157367546634168,0.609721588717709,0.7353564864944817,0.14572943870469224,0.5465986175908638,0.5812852428091765,0.9281816132664783,0.5664196260408549,0.5081820916963705,0.012772005587464608,0.4517688312797211,0.48316167653702946,0.8136692333235765,0.34903166653466133,0.5695336570059888,0
0.02137874894468339,0.4327283114428706,0.9207517182044405,0.7385368569436078,0.053022083843351164,0.6383703960636942,0.3978002661728799,0.8330984347194196,0.4657664627695971,0.12269005926102194,0.9755157726618944,0.3761729954173465,0.18310045199029312,0.776585203014705,0.13522124836042393,0.4045406900918388,0.4979893105723944,0.9678673411520332,0.03351041938684185,0.16697269744511956,0
0.5996628708725524,0.8011347036912386,0.28113285549663636,0.8594424474748038,0.142459199844716,0.41814291829238714,0.08185893827712887,0.5149386408917532,0.9155959640241287,0.1946828870339523,0.14107575142227569,0.21613648984138345,0.8902087086308237,0.9272383044530511,0.12844457466573678,0.314242398937871,0.37682381715727586,0.7779443789884902,0.6488169255952373,0.6840698082296266,1
0.2585176367370511,0.4898293662416271,0.3584726939445051,0.40430698397388853,0.9430440292112491,0.5648362432572742,0.3855650676486967,0.4846679363577685,0.03243957862946023,0.4406048623734672,0.19697846086729753,0.6410944523361171,0.01407788054326653,0.2699646585321197,0.9571325987121668,0.8461622345933141,0.7035367573364911,0.26263134760583884,0.01245338328657053,0.33602053725002223,0
0.030494116493735568,0.046555540540225815,0.018418205954683686,0.17303457197020566,0.6112805006263307,0.023719755130527598,0.8999316820204218,0.022940272137564888,0.2727406520677683,0.60914109539098,0.5631524153833233,0.8597875088501309,0.8865655331827413,0.7275645984345689,0.23434311240407368,0.7106169888433723,0.6265756693017945,0.8740812511285392,0.01271436982930474,0.5589071061777355,0
0.4038624689606619,0.5557271839539502,0.5780542458002469,0.5882109901453347,0.6081695311072631,0.41343067453226034,0.15448488618400102,0.4611299733088421,0.8737201023503676,0.05522871193008194,0.4629589811584214,0.9763487853088786,0.35071374192143856,0.669011792348876,0.3412991726323126,0.03921519250358074,0.6840098502560005,0.37837499223175897,0.23354802841961464,0.1423280371546235,1
0.3936080009146057,0.6216230039719173,0.6363389030264565,0.3246706863135381,0.7918180923371535,0.3065959564496862,0.67149802929125,0.6672850615849509,0.7503205630601953,0.8710805459730763,0.1443897222552014,0.0148811707097668,0.7124307947970641,0.18622978392355216,0.012211804293407957,0.6994914379970327,0.427556934509997,0.6477066587903646,0.935359302930875,0.7402520972827659,1
0.39846763985897093,0.6474808858492587,0.8711718638606387,0.5101124210445492,0.7605542986887843,0.5082916251966103,0.018382321127458856,0.04928222821903272,0.12488883235576453,0.526604373664009,0.47762823559370804,0.5564452008795654,0.791593174050677,0.9664141753794124,0.706596821041465,0.4945005656908731,0.5033203972261242,0.10436473740446084,0.5927508090575607,0.9837450865724157,1
0.26145018209241533,0.2679058609681487,0.4943500572032484,0.14500603610360485,0.15746864792447413,0.2686687395304427,0.8705738760961904,0.013233137627191693,0.08473313277824646,0.903277223377466,0.9811595106433089,0.3098293048340067,0.6533201533828764,0.8601376845709229,0.715120118477719,0.8916765343766972,0.7437384554618212,0.6643741825537054,0.00234886126760514,0.36479071609982017,0
0.23805471531301015,0.5853894720093229,0.8658119709296066,0.028642551729374466,0.41870816716147585,0.24999075245825697,0.5824388005525681,0.6715900286297968,0.9575064299524639,0.9588385601755417,0.23480173925809045,0.6679081594205414,0.7186066060065861,0.643833861180735,0.5925916839847519,0.2531907091063905,0.4188327100423974,0.4208464050194738,0.45799170254879285,0.9602021402479863,0
0.23738863943586452,0.6216443174187605,0.5596263572599779,0.2667832357852671,0.4306876256049148,0.3447172591671699,0.0026963306857373803,0.2284681146666877,0.9924775999254957,0.7103509731221052,0.9266167664648698,0.21278058955692547,0.9541017970390826,0.5399058531730003,0.20593606227064332,0.7898540927805286,0.8767224832352277,0.6839493614971197,0.7226626067779468,0.9435779972212633,1
0.9254867536812965,0.7825365604114923,0.3596185878120093,0.5715049049748094,0.3730068249584093,0.42845725489256004,0.5649632746070261,0.36876534247734694,0.26505872346151893,0.2842623598585369,0.6438160406272978,0.10959708525383005,0.7147974188566859,0.7226099421041909,0.48552310726837067,0.5250500295913753,0.16487870835072582,0.854913670078155,0.511851686773201,0.996803671790224,1
0.15118690362074338,0.40060693195488406,0.5873705194204695,0.7550114408499645,0.8333133452160434,0.8470103885772741,0.8729989670565597,0.6287853859901379,0.8422539996461196,0.9319136029024623,0.42157680881213555,0.002917961119233037,0.969529419253146,0.2656936853657872,0.7259707748973995,0.8301989291019529,0.3947146684459779,0.059366531724293736,0.11229392234430724,0.2636995829964296,1
0.3010250853667792,0.5073805419359224,0.057480547866901266,0.06476140986710088,0.8091387845648067,0.26565732072657,0.46558485998893673,0.824328279640665,0.545740204995341,0.5694411426427808,0.6854955203961518,0.44718774960291063,0.1767367912520983,0.5518547030067497,0.033719105080075584,0.17494336664788124,0.7023659540690615,0.9250069986257826,0.5623815260233778,0.044148139188354585,0
0.04760175775644693,0.41293396324318776,0.9963911170138389,0.4460058972839037,0.2558649313464456,0.7551114852025071,0.9549972440825304,0.8919681150026405,0.7258799749797517,0.8674452736207591,0.038689432261137635,0.2584033741162519,0.2083140598391534,0.240356049605294,0.6408293276341851,0.15321540040870774,0.8916552376364102,0.23053173279932437,0.0222421601718652,0.8386918936190161,0
0.3385639107167753,0.4673267965387857,0.8555530998094272,0.8225322215883998,0.7478309758061112,0.857892664668106,0.4469523636505057,0.7238218040687554,0.9955383661807076,0.6287524557883988,0.004497180860881578,0.23509910307291793,0.7445574102042565,0.37032757109001013,0.7894219678925279,0.7108477069400759,0.7622467346863636,0.015507114185347226,0.7662941438735754,0.379103411948177,1
0.2274713514203478,0.9542932971508051,0.483177957016122,0.4643857363778976,0.9159431740959164,0.6292906222002252,0.8899488990147951,0.4057576690243355,0.4759887659507239,0.20829586261022914,0.05232363710361432,0.6820534320799049,0.3604161443525191,0.14490612301843087,0.657465287082744,0.7685169668409214,0.9532241471030344,0.3348061013858791,0.6856436163180685,0.8832241176256452,1
0.23350609440908388,0.699775738434863,0.4417676140474883,0.10335792486877571,0.9969486522446973,0.7152975173490762,0.40546065361733685,0.3723500846391903,0.39571440595117735,0.32447670350130453,0.42957780853630856,0.35837220047048746,0.7113145333226187,0.6640218490283932,0.8052102565236239,0.28564362156052325,0.30882536846889685,0.6457127854322687,0.33400221720284873,0.38907438644369685,0
0.9453040494418654,0.5496503436430306,0.780984148369639,0.3897587011654772,0.3562641940254232,0.5823651477256762,0.3185605265320326,0.5478738884017954,0.03666817167935077,0.6520088303004379,0.5931113268427918,0.39778922042083753,0.7887149210851373,0.551493363224864,0.9269207830307127,0.26136314763707114,0.6718996735039708,0.8804215526359507,0.23974704572728534,0.999802689907702,1
0.6515729857797364,0.8951061505929414,0.2082164883085993,0.4693964106635924,0.35571001995072915,0.16512484077378575,0.8312700669025943,0.16826302265987214,0.8985738988032137,0.3817991688914806,0.29635343859083974,0.9892831086976116,0.5302165935365556,0.7744234160834784,0.6426854012087809,0.9317787645964494,0.9305519260817103,0.35854105479552123,0.8077066474674549,0.29282186661247667,1
0.9873062657359358,0.9105209755608202,0.4188500456701959,0.29646026154033345,0.6513532852499474,0.8095834022069136,0.24599160173922152,0.7451596831201035,0.15408280113172312,0.6504440320834989,0.6051095253088105,0.3065833867049972,0.48837005596380023,0.03136636820322658,0.173779092803638,0.41606549418716754,0.9378679043644867,0.6496265322297506,0.9451980307518028,0.19315238708552218,1
0.20154836083322192,0.9761918834635595,0.7149642602359043,0.9519709417007289,0.20846260960855412,0.4287128997663079,0.4456698152578693,0.8187929682530866,0.9892386570394728,0.22157314071658973,0.7746895525632225,0.07178975523880993,0.7985058574134475,0.7474501320090625,0.9373810069473983,0.8373940018401986,0.11143569201591608,0.3664991686712774,0.07492817943282959,0.1442405651641615,1
0.5807699292519463,0.40277671171315954,0.3219653125047851,0.7567530908079332,0.7571582124089228,0.7331021906038584,0.5772656377270727,0.6586110846096118,0.8633778004626796,0.8764668762870131,0.32689426064456917,0.5483465606730125,0.0445480254665217,0.0225327075405789,0.2116291890776988,0.05773874529234979,0.4945688960872532,0.06480372744478458,0.5038162718781406,0.6710004887797136,1
0.7970270298823778,0.18327143560288206,0.2657447635746909,0.40152235187344154,0.2640200757529346,0.4310779925370375,0.2560953496432574,0.2916776086245644,0.0865238972661796,0.5773238950232498,0.5347649275662002,0.20276546967466647,0.10371393745575808,0.6002444812495168,0.03371200315788059,0.9830641010789964,0.24137754717825088,0.887146910430703,0.427439093866831,0.1139152947169011,0
0.3511822755084223,0.8888014225180972,0.5818730784323439,0.8700736089688402,0.07625381063561176,0.8063573982472535,0.28869966526120217,0.7864801695865195,0.6888182029900667,0.7385891293572562,0.17667611708141473,0.6986453107270318,0.6679538790675663,0.5296370799981195,0.6139415987674396,0.932657205164675,0.5258279756978093,0.293380740702722,0.7415606338959371,0.47349482031357404,1
0.8755639750698456,0.4472651307553558,0.6475353060123922,0.07599515811170232,0.8153243569549152,0.6428497160064571,0.8191272343155414,0.8228276377552004,0.8776486989453286,0.1536768661510325,0.28873478930212926,0.7035355058762277,0.1627720252196272,0.09186967552291725,0.48860145060305293,0.9094322758115905,0.8602817410584286,0.19103255147428266,0.24316069164486132,0.391431768287799,1
0.21545768063491277,0.472076013187516,0.9271221044726793,0.33032071669420604,0.0799357451637841,0.607313840088302,0.6504355033883216,0.9898942852943803,0.8800381469907745,0.9725007983771775,0.4032831027196109,0.17246663323508615,0.5741110518998118,0.032683587160348915,0.4368106922477447,0.6043405966224531,0.9507685769893708,0.5990057137221829,0.715343199662638,0.014481558710862652,0
0.4924853695974053,0.6520359514609698,0.16011737235797874,0.7481030561282013,0.1908802831719404,0.42776728088551863,0.7139737261029475,0.34330269494877763,0.24712593405856143,0.7587257564457264,0.09098432605867068,0.5440548633886994,0.4928554951411419,0.7042480813343908,0.5207299649157782,0.4189528565468248,0.10293891843192227,0.9232846004662268,0.006272817390283514,0.9488474670612747,0
0.2597810791483788,0.3378138420456557,0.7804538142491753,0.019218225691730373,0.7341236060166969,0.6789683334862734,0.10962586291148146,0.5282976494993967,0.07543819481585856,0.739172103423185,0.9227667086204157,0.3379641246702286,0.5255768666877768,0.30598755770328967,0.0524718394497099,0.04510879440382942,0.5233551643277343,0.6524476053374063,0.4948277310696779,0.3074451477256035,0
0.04641231087274911,0.6682834506463543,0.8889861618927508,0.9577271835834248,0.3151732653554439,0.6223986160260809,0.8782242467329426,0.10544756555282742,0.185265852956499,0.13539105021054276,0.2830865450575498,0.1941712358586981,0.3620152654243114,0.028166978320754654,0.12072485854031911,0.7787798180501,0.5242030897839346,0.2584222501201324,0.3173236974510556,0.10436275929746708,1
